{
    "name": "root",
    "gauges": {
        "CapsuleAgent.Policy.Entropy.mean": {
            "value": 1.4088116884231567,
            "min": 1.4088116884231567,
            "max": 1.4088116884231567,
            "count": 1
        },
        "CapsuleAgent.Policy.Entropy.sum": {
            "value": 2826.076171875,
            "min": 2826.076171875,
            "max": 2826.076171875,
            "count": 1
        },
        "CapsuleAgent.Environment.EpisodeLength.mean": {
            "value": 2.8007590132827325,
            "min": 2.8007590132827325,
            "max": 2.8007590132827325,
            "count": 1
        },
        "CapsuleAgent.Environment.EpisodeLength.sum": {
            "value": 1476.0,
            "min": 1476.0,
            "max": 1476.0,
            "count": 1
        },
        "CapsuleAgent.Step.mean": {
            "value": 1994.0,
            "min": 1994.0,
            "max": 1994.0,
            "count": 1
        },
        "CapsuleAgent.Step.sum": {
            "value": 1994.0,
            "min": 1994.0,
            "max": 1994.0,
            "count": 1
        },
        "CapsuleAgent.Policy.ExtrinsicValueEstimate.mean": {
            "value": -0.6595249176025391,
            "min": -0.6595249176025391,
            "max": -0.6595249176025391,
            "count": 1
        },
        "CapsuleAgent.Policy.ExtrinsicValueEstimate.sum": {
            "value": -346.91009521484375,
            "min": -346.91009521484375,
            "max": -346.91009521484375,
            "count": 1
        },
        "CapsuleAgent.Environment.CumulativeReward.mean": {
            "value": -0.7509505703422054,
            "min": -0.7509505703422054,
            "max": -0.7509505703422054,
            "count": 1
        },
        "CapsuleAgent.Environment.CumulativeReward.sum": {
            "value": -395.0,
            "min": -395.0,
            "max": -395.0,
            "count": 1
        },
        "CapsuleAgent.Policy.ExtrinsicReward.mean": {
            "value": -0.7509505703422054,
            "min": -0.7509505703422054,
            "max": -0.7509505703422054,
            "count": 1
        },
        "CapsuleAgent.Policy.ExtrinsicReward.sum": {
            "value": -395.0,
            "min": -395.0,
            "max": -395.0,
            "count": 1
        },
        "CapsuleAgent.Losses.PolicyLoss.mean": {
            "value": 0.2509146179787996,
            "min": 0.2509146179787996,
            "max": 0.2509146179787996,
            "count": 1
        },
        "CapsuleAgent.Losses.PolicyLoss.sum": {
            "value": 4.516463123618393,
            "min": 4.516463123618393,
            "max": 4.516463123618393,
            "count": 1
        },
        "CapsuleAgent.Losses.ValueLoss.mean": {
            "value": 0.26221047175947576,
            "min": 0.26221047175947576,
            "max": 0.26221047175947576,
            "count": 1
        },
        "CapsuleAgent.Losses.ValueLoss.sum": {
            "value": 4.719788491670563,
            "min": 4.719788491670563,
            "max": 4.719788491670563,
            "count": 1
        },
        "CapsuleAgent.Policy.LearningRate.mean": {
            "value": 0.00029996985001005,
            "min": 0.00029996985001005,
            "max": 0.00029996985001005,
            "count": 1
        },
        "CapsuleAgent.Policy.LearningRate.sum": {
            "value": 0.0053994573001809,
            "min": 0.0053994573001809,
            "max": 0.0053994573001809,
            "count": 1
        },
        "CapsuleAgent.Policy.Epsilon.mean": {
            "value": 0.19998995,
            "min": 0.19998995,
            "max": 0.19998995,
            "count": 1
        },
        "CapsuleAgent.Policy.Epsilon.sum": {
            "value": 3.5998191,
            "min": 3.5998191,
            "max": 3.5998191,
            "count": 1
        },
        "CapsuleAgent.Policy.Beta.mean": {
            "value": 0.0005,
            "min": 0.0005,
            "max": 0.0005,
            "count": 1
        },
        "CapsuleAgent.Policy.Beta.sum": {
            "value": 0.009000000000000001,
            "min": 0.009000000000000001,
            "max": 0.009000000000000001,
            "count": 1
        },
        "CapsuleAgent.IsTraining.mean": {
            "value": 1.0,
            "min": 1.0,
            "max": 1.0,
            "count": 1
        },
        "CapsuleAgent.IsTraining.sum": {
            "value": 1.0,
            "min": 1.0,
            "max": 1.0,
            "count": 1
        }
    },
    "metadata": {
        "timer_format_version": "0.1.0",
        "start_time_seconds": "1684323094",
        "python_version": "3.9.13 (main, Aug 25 2022, 23:51:50) [MSC v.1916 64 bit (AMD64)]",
        "command_line_arguments": "C:\\Users\\depri\\anaconda3\\Scripts\\mlagents-learn config/CapsuleAgent.yaml --run-id=CapsuleAgent_V1 --force",
        "mlagents_version": "0.29.0",
        "mlagents_envs_version": "0.29.0",
        "communication_protocol_version": "1.5.0",
        "pytorch_version": "1.8.0+cpu",
        "numpy_version": "1.21.2",
        "end_time_seconds": "1684323209"
    },
    "total": 114.8803214,
    "count": 1,
    "self": 0.00767829999999492,
    "children": {
        "run_training.setup": {
            "total": 0.1689364000000002,
            "count": 1,
            "self": 0.1689364000000002
        },
        "TrainerController.start_learning": {
            "total": 114.7037067,
            "count": 1,
            "self": 0.06401590000014323,
            "children": {
                "TrainerController._reset_env": {
                    "total": 10.5225364,
                    "count": 1,
                    "self": 10.5225364
                },
                "TrainerController.advance": {
                    "total": 103.98354399999985,
                    "count": 2646,
                    "self": 0.05158389999986923,
                    "children": {
                        "env_step": {
                            "total": 94.49629369999992,
                            "count": 2646,
                            "self": 92.35480509999992,
                            "children": {
                                "SubprocessEnvManager._take_step": {
                                    "total": 2.088183799999941,
                                    "count": 2646,
                                    "self": 0.11817889999971953,
                                    "children": {
                                        "TorchPolicy.evaluate": {
                                            "total": 1.9700049000002213,
                                            "count": 1884,
                                            "self": 0.29279000000021504,
                                            "children": {
                                                "TorchPolicy.sample_actions": {
                                                    "total": 1.6772149000000063,
                                                    "count": 1884,
                                                    "self": 1.6772149000000063
                                                }
                                            }
                                        }
                                    }
                                },
                                "workers": {
                                    "total": 0.05330480000005622,
                                    "count": 2645,
                                    "self": 0.0,
                                    "children": {
                                        "worker_root": {
                                            "total": 41.59071520000009,
                                            "count": 2645,
                                            "is_parallel": true,
                                            "self": 14.26197120000002,