{
    "name": "root",
    "gauges": {
        "CapsuleAgent.Policy.Entropy.mean": {
            "value": 1.1923030614852905,
            "min": 1.1647464036941528,
            "max": 1.2273300886154175,
            "count": 10
        },
        "CapsuleAgent.Policy.Entropy.sum": {
            "value": 2417.99072265625,
            "min": 1865.541748046875,
            "max": 2424.054931640625,
            "count": 10
        },
        "CapsuleAgent.Environment.EpisodeLength.mean": {
            "value": 888.3333333333334,
            "min": 68.33333333333333,
            "max": 888.3333333333334,
            "count": 10
        },
        "CapsuleAgent.Environment.EpisodeLength.sum": {
            "value": 2665.0,
            "min": 277.0,
            "max": 2665.0,
            "count": 10
        },
        "CapsuleAgent.Step.mean": {
            "value": 133971.0,
            "min": 115939.0,
            "max": 133971.0,
            "count": 10
        },
        "CapsuleAgent.Step.sum": {
            "value": 133971.0,
            "min": 115939.0,
            "max": 133971.0,
            "count": 10
        },
        "CapsuleAgent.Policy.ExtrinsicValueEstimate.mean": {
            "value": -0.047849878668785095,
            "min": -0.4207420349121094,
            "max": 0.11937940120697021,
            "count": 10
        },
        "CapsuleAgent.Policy.ExtrinsicValueEstimate.sum": {
            "value": -1.6268959045410156,
            "min": -16.829681396484375,
            "max": 4.178278923034668,
            "count": 10
        },
        "CapsuleAgent.Environment.CumulativeReward.mean": {
            "value": -1.0,
            "min": -1.0,
            "max": 0.2857142857142857,
            "count": 10
        },
        "CapsuleAgent.Environment.CumulativeReward.sum": {
            "value": -3.0,
            "min": -13.0,
            "max": 4.0,
            "count": 10
        },
        "CapsuleAgent.Policy.ExtrinsicReward.mean": {
            "value": -1.0,
            "min": -1.0,
            "max": 0.2857142857142857,
            "count": 10
        },
        "CapsuleAgent.Policy.ExtrinsicReward.sum": {
            "value": -3.0,
            "min": -13.0,
            "max": 4.0,
            "count": 10
        },
        "CapsuleAgent.Losses.PolicyLoss.mean": {
            "value": 0.24251710691161363,
            "min": 0.23188406796891536,
            "max": 0.25217107405253036,
            "count": 10
        },
        "CapsuleAgent.Losses.PolicyLoss.sum": {
            "value": 3.880273710585818,
            "min": 2.4508178440215937,
            "max": 4.034737184840486,
            "count": 10
        },
        "CapsuleAgent.Losses.ValueLoss.mean": {
            "value": 0.009044848211396946,
            "min": 0.008527737613838461,
            "max": 0.09664481569543427,
            "count": 10
        },
        "CapsuleAgent.Losses.ValueLoss.sum": {
            "value": 0.14471757138235114,
            "min": 0.12791606420757692,
            "max": 1.3537913739206247,
            "count": 10
        },
        "CapsuleAgent.Policy.LearningRate.mean": {
            "value": 0.00029600984383005245,
            "min": 0.00029600984383005245,
            "max": 0.00029654234815255096,
            "count": 10
        },
        "CapsuleAgent.Policy.LearningRate.sum": {
            "value": 0.004736157501280839,
            "min": 0.0029654234815255096,
            "max": 0.004743864708711769,
            "count": 10
        },
        "CapsuleAgent.Policy.Epsilon.mean": {
            "value": 0.1986699475,
            "min": 0.1986699475,
            "max": 0.198847449,
            "count": 10
        },
        "CapsuleAgent.Policy.Epsilon.sum": {
            "value": 3.17871916,
            "min": 1.9884744900000002,
            "max": 3.1812882300000003,
            "count": 10
        },
        "CapsuleAgent.Policy.Beta.mean": {
            "value": 0.0005,
            "min": 0.0005,
            "max": 0.0005000000000000002,
            "count": 10
        },
        "CapsuleAgent.Policy.Beta.sum": {
            "value": 0.008,
            "min": 0.005000000000000001,
            "max": 0.008,
            "count": 10
        },
        "CapsuleAgent.IsTraining.mean": {
            "value": 1.0,
            "min": 1.0,
            "max": 1.0,
            "count": 10
        },
        "CapsuleAgent.IsTraining.sum": {
            "value": 1.0,
            "min": 1.0,
            "max": 1.0,
            "count": 10
        }
    },
    "metadata": {
        "timer_format_version": "0.1.0",
        "start_time_seconds": "1686138555",
        "python_version": "3.9.13 (main, Aug 25 2022, 23:51:50) [MSC v.1916 64 bit (AMD64)]",
        "command_line_arguments": "C:\\Users\\depri\\anaconda3\\Scripts\\mlagents-learn config/CapsuleAgent.yaml --run-id=CapsuleAgentV2 --resume",
        "mlagents_version": "0.29.0",
        "mlagents_envs_version": "0.29.0",
        "communication_protocol_version": "1.5.0",
        "pytorch_version": "1.8.0+cpu",
        "numpy_version": "1.21.2",
        "end_time_seconds": "1686139042"
    },
    "total": 487.558469,
    "count": 1,
    "self": 0.012121800000045369,
    "children": {
        "run_training.setup": {
            "total": 0.1874419999999999,
            "count": 1,
            "self": 0.1874419999999999
        },
        "TrainerController.start_learning": {
            "total": 487.3589052,
            "count": 1,
            "self": 0.5353293000008534,
            "children": {
                "TrainerController._reset_env": {
                    "total": 3.7577198,
                    "count": 1,
                    "self": 3.7577198
                },
                "TrainerController.advance": {
                    "total": 482.86490129999913,
                    "count": 20299,
                    "self": 0.4982375000046204,
                    "children": {
                        "env_step": {
                            "total": 427.29167749999567,
                            "count": 20299,
                            "self": 387.0450659999916,
                            "children": {
                                "SubprocessEnvManager._take_step": {
                                    "total": 39.764322800000656,
                                    "count": 20300,
                                    "self": 1.2710595000004474,
                                    "children": {
                                        "TorchPolicy.evaluate": {
                                            "total": 38.49326330000021,
                                            "count": 20215,
                                            "self": 7.252225100001912,
                                            "children": {
                                                "TorchPolicy.sample_actions": {
                                                    "total": 31.241038199998297,
                                                    "count": 20215,
                                                    "self": 31.241038199998297
                                                }
                                            }
                                        }
                                    }
                                },
                                "workers": {
                                    "total": 0.4822887000034104,
                                    "count": 20298,
                                    "self": 0.0,
                                    "children": {
                                        "worker_root": {
                                            "total": 426.7514781000032,
                                            "count": 20298,
                                            "is_parallel": true,
                                            "self": 119.62053190000182,