{
    "name": "root",
    "gauges": {
        "CapsuleAgent.Policy.Entropy.mean": {
            "value": 0.6839414238929749,
            "min": 0.6839414238929749,
            "max": 0.6839414238929749,
            "count": 1
        },
        "CapsuleAgent.Policy.Entropy.sum": {
            "value": 434.30279541015625,
            "min": 434.30279541015625,
            "max": 434.30279541015625,
            "count": 1
        },
        "CapsuleAgent.Environment.EpisodeLength.mean": {
            "value": 1.0957095709570956,
            "min": 1.0957095709570956,
            "max": 1.0957095709570956,
            "count": 1
        },
        "CapsuleAgent.Environment.EpisodeLength.sum": {
            "value": 332.0,
            "min": 332.0,
            "max": 332.0,
            "count": 1
        },
        "CapsuleAgent.Step.mean": {
            "value": 203999.0,
            "min": 203999.0,
            "max": 203999.0,
            "count": 1
        },
        "CapsuleAgent.Step.sum": {
            "value": 203999.0,
            "min": 203999.0,
            "max": 203999.0,
            "count": 1
        },
        "CapsuleAgent.Policy.ExtrinsicValueEstimate.mean": {
            "value": -0.824627697467804,
            "min": -0.824627697467804,
            "max": -0.824627697467804,
            "count": 1
        },
        "CapsuleAgent.Policy.ExtrinsicValueEstimate.sum": {
            "value": -249.03756713867188,
            "min": -249.03756713867188,
            "max": -249.03756713867188,
            "count": 1
        },
        "CapsuleAgent.Environment.CumulativeReward.mean": {
            "value": -1.0106953540385164,
            "min": -1.0106953540385164,
            "max": -1.0106953540385164,
            "count": 1
        },
        "CapsuleAgent.Environment.CumulativeReward.sum": {
            "value": -305.22999691963196,
            "min": -305.22999691963196,
            "max": -305.22999691963196,
            "count": 1
        },
        "CapsuleAgent.Policy.ExtrinsicReward.mean": {
            "value": -1.0106953540385164,
            "min": -1.0106953540385164,
            "max": -1.0106953540385164,
            "count": 1
        },
        "CapsuleAgent.Policy.ExtrinsicReward.sum": {
            "value": -305.22999691963196,
            "min": -305.22999691963196,
            "max": -305.22999691963196,
            "count": 1
        },
        "CapsuleAgent.Losses.PolicyLoss.mean": {
            "value": 0.26548229289449715,
            "min": 0.26548229289449715,
            "max": 0.26548229289449715,
            "count": 1
        },
        "CapsuleAgent.Losses.PolicyLoss.sum": {
            "value": 1.5928937573669828,
            "min": 1.5928937573669828,
            "max": 1.5928937573669828,
            "count": 1
        },
        "CapsuleAgent.Losses.ValueLoss.mean": {
            "value": 0.006231995731023845,
            "min": 0.006231995731023845,
            "max": 0.006231995731023845,
            "count": 1
        },
        "CapsuleAgent.Losses.ValueLoss.sum": {
            "value": 0.03739197438614307,
            "min": 0.03739197438614307,
            "max": 0.03739197438614307,
            "count": 1
        },
        "CapsuleAgent.Policy.LearningRate.mean": {
            "value": 0.00029388831203723,
            "min": 0.00029388831203723,
            "max": 0.00029388831203723,
            "count": 1
        },
        "CapsuleAgent.Policy.LearningRate.sum": {
            "value": 0.00176332987222338,
            "min": 0.00176332987222338,
            "max": 0.00176332987222338,
            "count": 1
        },
        "CapsuleAgent.Policy.Epsilon.mean": {
            "value": 0.19796276999999998,
            "min": 0.19796276999999998,
            "max": 0.19796276999999998,
            "count": 1
        },
        "CapsuleAgent.Policy.Epsilon.sum": {
            "value": 1.18777662,
            "min": 1.18777662,
            "max": 1.18777662,
            "count": 1
        },
        "CapsuleAgent.Policy.Beta.mean": {
            "value": 0.0005000000000000001,
            "min": 0.0005000000000000001,
            "max": 0.0005000000000000001,
            "count": 1
        },
        "CapsuleAgent.Policy.Beta.sum": {
            "value": 0.0030000000000000005,
            "min": 0.0030000000000000005,
            "max": 0.0030000000000000005,
            "count": 1
        },
        "CapsuleAgent.IsTraining.mean": {
            "value": 1.0,
            "min": 1.0,
            "max": 1.0,
            "count": 1
        },
        "CapsuleAgent.IsTraining.sum": {
            "value": 1.0,
            "min": 1.0,
            "max": 1.0,
            "count": 1
        }
    },
    "metadata": {
        "timer_format_version": "0.1.0",
        "start_time_seconds": "1686141989",
        "python_version": "3.9.13 (main, Aug 25 2022, 23:51:50) [MSC v.1916 64 bit (AMD64)]",
        "command_line_arguments": "C:\\Users\\depri\\anaconda3\\Scripts\\mlagents-learn config/CapsuleAgent.yaml --run-id=CapsuleAgentV2 --resume",
        "mlagents_version": "0.29.0",
        "mlagents_envs_version": "0.29.0",
        "communication_protocol_version": "1.5.0",
        "pytorch_version": "1.8.0+cpu",
        "numpy_version": "1.21.2",
        "end_time_seconds": "1686142027"
    },
    "total": 38.2015133,
    "count": 1,
    "self": 0.007114000000001397,
    "children": {
        "run_training.setup": {
            "total": 0.17188000000000003,
            "count": 1,
            "self": 0.17188000000000003
        },
        "TrainerController.start_learning": {
            "total": 38.0225193,
            "count": 1,
            "self": 0.029814500000007627,
            "children": {
                "TrainerController._reset_env": {
                    "total": 4.1379029,
                    "count": 1,
                    "self": 4.1379029
                },
                "TrainerController.advance": {
                    "total": 33.68293479999999,
                    "count": 1097,
                    "self": 0.022703900000038857,
                    "children": {
                        "env_step": {
                            "total": 30.909397699999992,
                            "count": 1097,
                            "self": 29.474048399999937,
                            "children": {
                                "SubprocessEnvManager._take_step": {
                                    "total": 1.4119803000000273,
                                    "count": 1097,
                                    "self": 0.04810820000001215,
                                    "children": {
                                        "TorchPolicy.evaluate": {
                                            "total": 1.3638721000000151,
                                            "count": 817,
                                            "self": 0.2606235999999491,
                                            "children": {
                                                "TorchPolicy.sample_actions": {
                                                    "total": 1.103248500000066,
                                                    "count": 817,
                                                    "self": 1.103248500000066
                                                }
                                            }
                                        }
                                    }
                                },
                                "workers": {
                                    "total": 0.02336900000002906,
                                    "count": 1096,
                                    "self": 0.0,
                                    "children": {
                                        "worker_root": {
                                            "total": 16.38642760000003,
                                            "count": 1096,