{
    "name": "root",
    "metadata": {
        "timer_format_version": "0.1.0",
        "start_time_seconds": "1686131898",
        "python_version": "3.9.13 (main, Aug 25 2022, 23:51:50) [MSC v.1916 64 bit (AMD64)]",
        "command_line_arguments": "C:\\Users\\depri\\anaconda3\\Scripts\\mlagents-learn config/CapsuleAgent.yaml --run-id=CapsuleAgentV1 --resume",
        "mlagents_version": "0.29.0",
        "mlagents_envs_version": "0.29.0",
        "communication_protocol_version": "1.5.0",
        "pytorch_version": "1.8.0+cpu",
        "numpy_version": "1.21.2",
        "end_time_seconds": "1686131910"
    },
    "total": 12.176921499999999,
    "count": 1,
    "self": 0.009514499999998094,
    "children": {
        "run_training.setup": {
            "total": 0.16428819999999988,
            "count": 1,
            "self": 0.16428819999999988
        },
        "TrainerController.start_learning": {
            "total": 12.003118800000001,
            "count": 1,
            "self": 0.003399099999999322,
            "children": {
                "TrainerController._reset_env": {
                    "total": 8.3827552,
                    "count": 1,
                    "self": 8.3827552
                },
                "TrainerController.advance": {
                    "total": 3.4443525000000026,
                    "count": 128,
                    "self": 0.00321889999999847,
                    "children": {
                        "env_step": {
                            "total": 3.124109099999991,
                            "count": 128,
                            "self": 2.856979799999971,
                            "children": {
                                "SubprocessEnvManager._take_step": {
                                    "total": 0.2642095000000104,
                                    "count": 128,
                                    "self": 0.008176400000001749,
                                    "children": {
                                        "TorchPolicy.evaluate": {
                                            "total": 0.2560331000000087,
                                            "count": 128,
                                            "self": 0.04658410000000934,
                                            "children": {
                                                "TorchPolicy.sample_actions": {
                                                    "total": 0.20944899999999933,
                                                    "count": 128,
                                                    "self": 0.20944899999999933
                                                }
                                            }
                                        }
                                    }
                                },
                                "workers": {
                                    "total": 0.002919800000009687,
                                    "count": 128,
                                    "self": 0.0,
                                    "children": {
                                        "worker_root": {
                                            "total": 3.1870195000000177,
                                            "count": 128,
                                            "is_parallel": true,
                                            "self": 0.469651700000016,
                                            "children": {
                                                "steps_from_proto": {
                                                    "total": 0.018486100000000505,
                                                    "count": 1,
                                                    "is_parallel": true,
                                                    "self": 0.000294300000001968,
                                                    "children": {
                                                        "_process_maybe_compressed_observation": {
                                                            "total": 0.01806129999999939,
                                                            "count": 2,
                                                            "is_parallel": true,
                                                            "self": 4.0900000000121395e-05,
                                                            "children": {
                                                                "_observation_to_np_array": {
                                                                    "total": 0.01802039999999927,
                                                                    "count": 1,
                                                                    "is_parallel": true,
                                                                    "self": 3.730000000068401e-05,
                                                                    "children": {
                                                                        "process_pixels": {
                                                                            "total": 0.017983099999998586,
                                                                            "count": 1,
                                                                            "is_parallel": true,
                                                                            "self": 0.00020399999999831664,
                                                                            "children": {
                                                                                "image_decompress": {
                                                                                    "total": 0.01777910000000027,
                                                                                    "count": 1,
                                                                                    "is_parallel": true,
                                                                                    "self": 0.01777910000000027
                                                                                }
                                                                            }
                                                                        }
                                                                    }
                                                                }
                                                            }
                                                        },
                                                        "_process_rank_one_or_two_observation": {
                                                            "total": 0.0001304999999991452,
                                                            "count": 2,
                                                            "is_parallel": true,
                                                            "self": 0.0001304999999991452
                                                        }
                                                    }
                                                },
                                                "UnityEnvironment.step": {
                                                    "total": 2.698881700000001,
                                                    "count": 128,
                                                    "is_parallel": true,
                                                    "self": 0.015045000000009523,
                                                    "children": {
                                                        "UnityEnvironment._generate_step_input": {
                                                            "total": 0.011489800000001438,
                                                            "count": 128,
                                                            "is_parallel": true,