{
    "name": "root",
    "gauges": {
        "CapsuleAgent.Policy.Entropy.mean": {
            "value": 0.9246374368667603,
            "min": 0.9246374368667603,
            "max": 1.2280341386795044,
            "count": 42
        },
        "CapsuleAgent.Policy.Entropy.sum": {
            "value": 1866.843017578125,
            "min": 1564.6181640625,
            "max": 2490.9111328125,
            "count": 42
        },
        "CapsuleAgent.Step.mean": {
            "value": 145973.0,
            "min": 63992.0,
            "max": 145973.0,
            "count": 42
        },
        "CapsuleAgent.Step.sum": {
            "value": 145973.0,
            "min": 63992.0,
            "max": 145973.0,
            "count": 42
        },
        "CapsuleAgent.Policy.ExtrinsicValueEstimate.mean": {
            "value": -0.03402012959122658,
            "min": -0.5287546515464783,
            "max": -8.255934517364949e-05,
            "count": 42
        },
        "CapsuleAgent.Policy.ExtrinsicValueEstimate.sum": {
            "value": -1.156684398651123,
            "min": -20.621431350708008,
            "max": -0.002559339627623558,
            "count": 42
        },
        "CapsuleAgent.Losses.PolicyLoss.mean": {
            "value": 0.23978115031651986,
            "min": 0.22371844701241334,
            "max": 0.2569057915442601,
            "count": 42
        },
        "CapsuleAgent.Losses.PolicyLoss.sum": {
            "value": 3.596717254747798,
            "min": 2.2530773910014736,
            "max": 4.110492664708161,
            "count": 42
        },
        "CapsuleAgent.Losses.ValueLoss.mean": {
            "value": 0.008014870464172088,
            "min": 6.162331955729251e-06,
            "max": 0.03772047936795632,
            "count": 42
        },
        "CapsuleAgent.Losses.ValueLoss.sum": {
            "value": 0.12022305696258132,
            "min": 9.859731129166801e-05,
            "max": 0.6035276698873011,
            "count": 42
        },
        "CapsuleAgent.Policy.LearningRate.mean": {
            "value": 0.000295650433449856,
            "min": 0.000295650433449856,
            "max": 0.0002980980039673321,
            "count": 42
        },
        "CapsuleAgent.Policy.LearningRate.sum": {
            "value": 0.00443475650174784,
            "min": 0.002682882035705989,
            "max": 0.004767860170713279,
            "count": 42
        },
        "CapsuleAgent.Policy.Epsilon.mean": {
            "value": 0.198550144,
            "min": 0.198550144,
            "max": 0.1993660011111111,
            "count": 42
        },
        "CapsuleAgent.Policy.Epsilon.sum": {
            "value": 2.9782521600000003,
            "min": 1.79429401,
            "max": 3.18928672,
            "count": 42
        },
        "CapsuleAgent.Policy.Beta.mean": {
            "value": 0.0005000000000000002,
            "min": 0.0005,
            "max": 0.0005000000000000002,
            "count": 42
        },
        "CapsuleAgent.Policy.Beta.sum": {
            "value": 0.007500000000000003,
            "min": 0.0045000000000000005,
            "max": 0.008,
            "count": 42
        },
        "CapsuleAgent.Environment.EpisodeLength.mean": {
            "value": 2677.3333333333335,
            "min": 64.2,
            "max": 8721.0,
            "count": 35
        },
        "CapsuleAgent.Environment.EpisodeLength.sum": {
            "value": 8032.0,
            "min": 321.0,
            "max": 8721.0,
            "count": 35
        },
        "CapsuleAgent.Environment.CumulativeReward.mean": {
            "value": -1.0,
            "min": -1.0,
            "max": -1.0,
            "count": 35
        },
        "CapsuleAgent.Environment.CumulativeReward.sum": {
            "value": -3.0,
            "min": -18.0,
            "max": -1.0,
            "count": 35
        },
        "CapsuleAgent.Policy.ExtrinsicReward.mean": {
            "value": -1.0,
            "min": -1.0,
            "max": -1.0,
            "count": 35
        },
        "CapsuleAgent.Policy.ExtrinsicReward.sum": {
            "value": -3.0,
            "min": -18.0,
            "max": -1.0,
            "count": 35
        },
        "CapsuleAgent.IsTraining.mean": {
            "value": 1.0,
            "min": 1.0,
            "max": 1.0,
            "count": 42
        },
        "CapsuleAgent.IsTraining.sum": {
            "value": 1.0,
            "min": 1.0,
            "max": 1.0,
            "count": 42
        }
    },
    "metadata": {
        "timer_format_version": "0.1.0",
        "start_time_seconds": "1686128241",
        "python_version": "3.9.13 (main, Aug 25 2022, 23:51:50) [MSC v.1916 64 bit (AMD64)]",
        "command_line_arguments": "C:\\Users\\depri\\anaconda3\\Scripts\\mlagents-learn config/CapsuleAgent.yaml --run-id=CapsuleAgentV1 --resume",
        "mlagents_version": "0.29.0",
        "mlagents_envs_version": "0.29.0",
        "communication_protocol_version": "1.5.0",
        "pytorch_version": "1.8.0+cpu",
        "numpy_version": "1.21.2",
        "end_time_seconds": "1686130132"
    },
    "total": 1890.1230012,
    "count": 1,
    "self": 0.006987900000012814,
    "children": {
        "run_training.setup": {
            "total": 0.22065469999999987,
            "count": 1,
            "self": 0.22065469999999987
        },
        "TrainerController.start_learning": {
            "total": 1889.8953586,
            "count": 1,
            "self": 2.200811600004272,
            "children": {
                "TrainerController._reset_env": {
                    "total": 3.6712902999999995,
                    "count": 1,
                    "self": 3.6712902999999995
                },
                "TrainerController.advance": {
                    "total": 1883.8405658999957,
                    "count": 83487,
                    "self": 2.043500000007043,
                    "children": {
                        "env_step": {
                            "total": 1633.866115599997,
                            "count": 83487,
                            "self": 1459.3759838000037,
                            "children": {
                                "SubprocessEnvManager._take_step": {
                                    "total": 172.46544540000107,
                                    "count": 83487,
                                    "self": 5.555774299977173,
                                    "children": {
                                        "TorchPolicy.evaluate": {
                                            "total": 166.9096711000239,
                                            "count": 83354,
                                            "self": 30.158405299992182,
                                            "children": {
                                                "TorchPolicy.sample_actions": {
                                                    "total": 136.75126580003172,
                                                    "count": 83354,
                                                    "self": 136.75126580003172
                                                }
                                            }
                                        }
                                    }
                                },
                                "workers": {
                                    "total": 2.024686399992296,
                                    "count": 83486,
                                    "self": 0.0,
                                    "children": {
                                        "worker_root": {
                                            "total": 1820.3628505000006,
                                            "count": 83486,
                                            "is_parallel": true,
                                            "self": 524.8684094999892,